﻿{
  "type": "array",
  "background": "#212121",
  "margin": "10",
  "content": [
    {
      "type": "array",
      "dropshadow": true,
      "orientation": "vertical",
      "content": [
        {
          "type": "itemgrid",
          "h_alignment": "center",
          "item_margin": "1,2",
          "item_size": 60,
          "rows": [
        [ "jump", "hookshot", "teleport", "propeller", "charge", "hp"],
        [ "h_dash", "armour", "keycard", "v_dash", "map", "disk"],
        [ "triple", "plasma", "supercharge", "x_dash", "bike", "power"],
		[ "delta", "gamma", "beta", "alpha"],
		[ "pillar1", "pillar2", "pillar3", "pillar4"],
          ]
        }
      ]
    }
  ]
}