{
  "map_enabled": false,
  "auto_pin_capturing_locations": false,
  "auto_unpin_on_clear": true,
  "allow_resize": false,
  "layout_swap_left_right": false,
  "disabled_image_filter": "grayscale, dim",
  "layouts": {
    "shared_item_grid": {
      "type": "itemgrid",
      "h_alignment": "center",
      "item_margin": "3,5",
      "item_size": 40,
      "rows": [

        [ "jump", "hookshot", "teleport", "propeller", "charge", "hp"],
        [ "h_dash", "armour", "keycard", "v_dash", "map", "disk"],
        [ "triple", "plasma", "supercharge", "x_dash", "bike", "power"],
		[ "delta", "gamma", "beta", "alpha"],
		[ "pillar1", "pillar2", "pillar3", "pillar4"]
		
      ]
    },
 
    "tracker_capture_item": {
      "type": "container",
      "content": {
        "type": "layout",
        "key": "shared_item_grid"
      }
    },
    "tracker_default": {
      "type": "container",
      "width": 300,
      //"height": 300,
      "background": "#212121",
      "content": {
        "dropshadow": true,
        "margin": 5,
        "type": "layout",
        "key": "shared_item_grid"
      }
    }
  }
}
